Date,Type,Action,Symbol,Instrument Type,Description,Value,Quantity,Average Price,Commissions,Fees,Multiplier,Underlying Symbol,Expiration Date,Strike Price,Call or Put
2018-05-21T11:55:20-0400,Trade,BUY_TO_OPEN,AAPL,Equity,Bought 100 AAPL @ 150.00,"-15,000.00",100,-150.00,-1,-0.14,,,,,
2018-05-22T10:30:00-0400,Trade,SELL_TO_CLOSE,AAPL,Equity,Sold 100 AAPL @ 158.00,"15,800.00",100,158.00,0.00,0.00,,,,,
2018-06-11T09:31:00-0400,Trade,BUY_TO_OPEN,AAPL  180720C00195000,Equity Option,Bought 1 AAPL 07/20/18 Call 195.00 @ 1.32,-132.00,1,-132,-1,-0.14,100,AAPL,2018-07-20,195,CALL
2018-06-12T15:50:00-0400,Trade,SELL_TO_CLOSE,AAPL  180720C00195000,Equity Option,Sold 1 AAPL 07/20/18 Call 195.00 @ 1.91,191.00,1,191,0.00,0.00,100,AAPL,2018-07-20,195,CALL
2018-07-16T10:00:00-0400,Trade,BUY_TO_CLOSE,SPY   180921P00250000,Equity Option,Bought 2 SPY 09/21/18 Put 250.00 @ 2.00,-400.00,2,-200,-1,-0.10,100,SPY,2018-09-21,250,PUT
2018-07-16T10:00:00-0400,Trade,SELL_TO_OPEN,SPY   180921P00250000,Equity Option,Sold 2 SPY 09/21/18 Put 250.00 @ 5.00,"1,000.00",2,500,0.00,0.00,100,SPY,2018-09-21,250,PUT
2018-08-01T09:45:00-0400,Trade,BUY_TO_OPEN,MSFT,Equity,Bought 50 MSFT @ 100.00,"-5,000.00",50,-100.00,-1,-0.05,,,,,
2018-08-15T09:00:00-0400,Money Movement,,,,INTEREST ON CREDIT BALANCE,1.23,0,0.00,0.00,0.00,,,,,
2018-08-20T09:00:00-0400,Money Movement,,AAPL,,AAPL DIVIDEND,18.50,0,0.00,0.00,0.00,,,,,
2018-08-25T13:30:00-0400,Trade,BUY_TO_OPEN,/ESU8,Future,Bought 1 /ESU8 @ 2900.00,"-145,000.00",1,-2900.00,-2.00,-1.50,50,,,,
